DROP TABLE IF EXISTS Homes, Transactions, Buyers, Sellers;

CREATE TABLE Homes (home_id int, city text, bedrooms int, bathrooms int, area int);
CREATE TABLE Transactions (home_id int, buyer_id int, seller_id int, transaction_date date, sale_price int);
CREATE TABLE Buyers (buyer_id int, name text);
CREATE TABLE Sellers (seller_id int, name text);

INSERT INTO Homes VALUES
    (0, 'Richmond', 4, 3, 3091),
    (1, 'Oakland', 1, 2, 238),
    (2, 'Oakland', 1, 0, 73),
    (3, 'Berkeley', 1, 2, 293),
    (4, 'Albany', 2, 3, 1679),
    (5, 'Albany', 2, 2, 1202),
    (6, 'Albany', 3, 3, 2257),
    (7, 'Berkeley', 1, 1, 900),
    (8, 'San Francisco', 3, 1, 2055),
    (9, 'Walnut Creek', 1, 2, 808),
    (10, 'Walnut Creek', 2, 1, 1165),
    (11, 'Walnut Creek', 2, 2, 1330),
    (12, 'San Jose', 3, 3, 2275),
    (13, 'Walnut Creek', 2, 3, 1826),
    (14, 'Richmond', 2, 2, 1385),
    (15, 'San Francisco', 3, 1, 2000),
    (16, 'Berkeley', 4, 4, 3275),
    (17, 'Albany', 1, 2, 238),
    (18, 'Albany', 1, 2, 165),
    (19, 'Berkeley', 4, 2, 3367),
    (20, 'Walnut Creek', 3, 3, 2202),
    (21, 'Walnut Creek', 3, 3, 2477),
    (22, 'San Francisco', 4, 3, 3753),
    (23, 'San Jose', 3, 1, 2514),
    (24, 'San Jose', 1, 2, 587),
    (25, 'Berkeley', 3, 3, 2183),
    (26, 'San Francisco', 3, 1, 2183),
    (27, 'San Francisco', 4, 2, 3312),
    (28, 'San Francisco', 4, 3, 3202),
    (29, 'Walnut Creek', 2, 1, 1312),
    (30, 'San Jose', 2, 1, 1844),
    (31, 'Walnut Creek', 4, 3, 3716),
    (32, 'Richmond', 3, 3, 2422),
    (33, 'Walnut Creek', 1, 1, 587),
    (34, 'Richmond', 3, 2, 2551),
    (35, 'San Francisco', 4, 3, 3385),
    (36, 'San Francisco', 4, 2, 3459),
    (37, 'Berkeley', 1, 2, 404),
    (38, 'Richmond', 3, 2, 2128),
    (39, 'Walnut Creek', 4, 4, 3202),
    (40, 'Walnut Creek', 2, 3, 1018),
    (41, 'Albany', 3, 3, 2661),
    (42, 'San Jose', 2, 3, 1495),
    (43, 'Walnut Creek', 2, 2, 1569),
    (44, 'Berkeley', 4, 3, 3202),
    (45, 'Walnut Creek', 2, 2, 1367),
    (46, 'Oakland', 2, 2, 1000),
    (47, 'Albany', 3, 1, 2514),
    (48, 'San Jose', 2, 3, 1348),
    (49, 'San Jose', 2, 2, 1128),
    (50, 'Walnut Creek', 4, 2, 3532),
    (51, 'Richmond', 2, 3, 1844),
    (52, 'Oakland', 3, 3, 2808),
    (53, 'San Jose', 3, 3, 2661),
    (54, 'Oakland', 4, 4, 3532),
    (55, 'Albany', 4, 4, 3844),
    (56, 'Richmond', 1, 2, 73),
    (57, 'San Francisco', 2, 2, 1826),
    (58, 'Oakland', 2, 3, 1330),
    (59, 'Richmond', 3, 2, 2477),
    (60, 'Albany', 4, 3, 3128),
    (61, 'Richmond', 1, 2, 459),
    (62, 'Oakland', 4, 4, 3146),
    (63, 'Berkeley', 3, 2, 2514),
    (64, 'Albany', 1, 0, 128),
    (65, 'San Francisco', 1, 1, 624),
    (66, 'Albany', 4, 2, 3495),
    (67, 'Richmond', 2, 2, 1422),
    (68, 'Berkeley', 2, 2, 1275),
    (69, 'Berkeley', 4, 3, 3385),
    (70, 'San Jose', 1, 0, 587),
    (71, 'Richmond', 1, 2, 661),
    (72, 'Berkeley', 1, 0, 183),
    (73, 'Albany', 2, 3, 1771),
    (74, 'Walnut Creek', 2, 3, 1146),
    (75, 'Berkeley', 2, 1, 1238),
    (76, 'Walnut Creek', 2, 3, 1000),
    (77, 'Berkeley', 1, 2, 202),
    (78, 'Albany', 1, 1, 55),
    (79, 'Walnut Creek', 1, 1, 606),
    (80, 'San Jose', 1, 0, 753),
    (81, 'Walnut Creek', 4, 3, 3257),
    (82, 'Walnut Creek', 1, 1, 348),
    (83, 'San Francisco', 1, 2, 716),
    (84, 'Oakland', 1, 0, 881),
    (85, 'Richmond', 3, 2, 2440),
    (86, 'Oakland', 1, 0, 73),
    (87, 'Richmond', 3, 2, 2826),
    (88, 'Albany', 3, 3, 2881),
    (89, 'Oakland', 1, 2, 91),
    (90, 'Albany', 3, 1, 2753),
    (91, 'Oakland', 4, 3, 3789),
    (92, 'Richmond', 1, 2, 385),
    (93, 'Albany', 1, 2, 771),
    (94, 'Berkeley', 2, 1, 1128),
    (95, 'San Jose', 1, 2, 789),
    (96, 'Albany', 2, 3, 1587),
    (97, 'Albany', 4, 2, 3348),
    (98, 'Walnut Creek', 1, 0, 587),
    (99, 'Walnut Creek', 2, 3, 1055);

INSERT INTO Transactions VALUES
    (40, 3, 45, '20200127', 650618),
    (13, 55, 52, '20200109', 590999),
    (67, 20, 29, '20200104', 422860),
    (71, 25, 39, '20200122', 649207),
    (70, 52, 36, '20200126', 658064),
    (34, 56, 19, '20200118', 309907),
    (90, 9, 21, '20200113', 645950),
    (32, 5, 12, '20200107', 644883),
    (96, 28, 34, '20200128', 338157),
    (81, 7, 32, '20200110', 445151),
    (28, 43, 12, '20200101', 399362),
    (85, 54, 53, '20200115', 530651),
    (51, 54, 10, '20200101', 654524),
    (35, 53, 14, '20200123', 307410),
    (17, 44, 53, '20200108', 519281),
    (10, 5, 44, '20200123', 561318),
    (7, 58, 27, '20200101', 414565),
    (26, 18, 42, '20200109', 439721),
    (0, 45, 19, '20200122', 597836),
    (44, 45, 38, '20200117', 509742),
    (93, 12, 8, '20200106', 545924),
    (61, 10, 0, '20200117', 587040),
    (65, 10, 35, '20200102', 421177),
    (21, 48, 56, '20200111', 421229),
    (73, 5, 15, '20200111', 628272),
    (56, 30, 26, '20200120', 609116),
    (99, 25, 18, '20200104', 655495),
    (55, 49, 0, '20200102', 546969),
    (82, 50, 36, '20200101', 349570),
    (86, 43, 31, '20200129', 674831),
    (63, 0, 11, '20200119', 446802),
    (69, 14, 31, '20200128', 626739),
    (43, 3, 41, '20200109', 523228),
    (16, 36, 29, '20200115', 331664),
    (95, 6, 11, '20200109', 699839),
    (83, 48, 17, '20200129', 456186),
    (89, 40, 26, '20200113', 560564),
    (25, 25, 53, '20200123', 571830),
    (36, 51, 32, '20200130', 563330),
    (4, 3, 6, '20200122', 489339),
    (84, 50, 11, '20200129', 670141),
    (33, 11, 11, '20200112', 492280),
    (72, 47, 0, '20200119', 321553),
    (97, 39, 52, '20200109', 538100),
    (11, 49, 14, '20200124', 319904),
    (75, 45, 40, '20200103', 603849),
    (54, 26, 16, '20200105', 406511),
    (27, 38, 29, '20200120', 549454),
    (6, 20, 3, '20200130', 410800),
    (29, 35, 3, '20200126', 411881),
    (53, 36, 9, '20200124', 420405),
    (23, 16, 22, '20200112', 300905),
    (47, 54, 56, '20200101', 352447),
    (31, 21, 48, '20200115', 383256),
    (78, 32, 53, '20200126', 534755),
    (39, 10, 30, '20200122', 352669),
    (37, 43, 24, '20200123', 594017),
    (3, 45, 48, '20200123', 539079),
    (45, 34, 37, '20200119', 632605),
    (64, 58, 17, '20200122', 665776),
    (49, 32, 11, '20200105', 479592),
    (15, 38, 2, '20200109', 548002),
    (1, 13, 21, '20200115', 509289),
    (14, 24, 25, '20200111', 671764);

INSERT INTO Buyers VALUES
    (0, 'Miruna Davis'),
    (1, 'Tamia Nieves'),
    (2, 'Cohen Witt'),
    (3, 'Fionn Broughton'),
    (4, 'Franky Frederick'),
    (5, 'Freddie Palacios'),
    (6, 'Karl Schmitt'),
    (7, 'Patricia Legge'),
    (8, 'Aairah Hulme'),
    (9, 'Aarush Castro'),
    (10, 'Cleveland Rangel'),
    (11, 'Cole Markham'),
    (12, 'Irving Bateman'),
    (13, 'Ksawery Herbert'),
    (14, 'Ozan Sawyer'),
    (15, 'Divine Drake'),
    (16, 'Kofi Paterson'),
    (17, 'Sufyaan Frost'),
    (18, 'Eliana Donald'),
    (19, 'Borys Melendez'),
    (20, 'Lacey-Mai Rennie'),
    (21, 'Nikolas Barker'),
    (22, 'Khia Mcdougall'),
    (23, 'Allana Palmer'),
    (24, 'Harmony Zuniga'),
    (25, 'Bhavik Fuller'),
    (26, 'Efan Barajas'),
    (27, 'Kobie Meadows'),
    (28, 'Orion Townsend'),
    (29, 'Nimra Gonzalez'),
    (30, 'Gage Little'),
    (31, 'Nida Lynn'),
    (32, 'Henrietta Macdonald'),
    (33, 'Mahir Lyons'),
    (34, 'Ishan Bowen'),
    (35, 'Sinead Robertson'),
    (36, 'Wilfred Manning'),
    (37, 'Jaskaran Adam'),
    (38, 'Samina Jacobs'),
    (39, 'Sanaya Atkins'),
    (40, 'Yolanda Browne'),
    (41, 'Celeste Avila'),
    (42, 'Britany Cohen'),
    (43, 'Marina Dunne'),
    (44, 'Adelle Pham'),
    (45, 'Vladimir Hirst'),
    (46, 'Constance Mckinney'),
    (47, 'Kiana Hart'),
    (48, 'Hakeem Beaumont'),
    (49, 'Kody Meyers'),
    (50, 'Liana Bourne'),
    (51, 'Karter Rossi'),
    (52, 'Kareena Wilder'),
    (53, 'Rumaysa Hampton'),
    (54, 'Matthew Wardle'),
    (55, 'Niamh Edmonds'),
    (56, 'Irene Amos'),
    (57, 'Lidia Ratcliffe'),
    (58, 'Mahek Jefferson');

INSERT INTO Sellers VALUES
    (0, 'David Dougherty'),
    (1, 'Alishba Macgregor'),
    (2, 'Jordyn Rangel'),
    (3, 'Heath Ferry'),
    (4, 'Yasmine Powell'),
    (5, 'Ajwa Sandoval'),
    (6, 'Arun Kent'),
    (7, 'Klaudia Stout'),
    (8, 'Kay Alford'),
    (9, 'Lidia Stanton'),
    (10, 'Willard Curry'),
    (11, 'Henley Camacho'),
    (12, 'Lyle Lyons'),
    (13, 'Reagan Person'),
    (14, 'Leyton Mcneil'),
    (15, 'Nikhil Cairns'),
    (16, 'Lexi-May Blackburn'),
    (17, 'Macey Quintero'),
    (18, 'Amayah Spears'),
    (19, 'Sammy-Jo Page'),
    (20, 'Hywel Alvarado'),
    (21, 'Darlene Lopez'),
    (22, 'Muhamed Randall'),
    (23, 'Ronnie Cash'),
    (24, 'Dakota Rice'),
    (25, 'Nola Mays'),
    (26, 'Fathima Dixon'),
    (27, 'Zunairah Acevedo'),
    (28, 'Ellie-Rose James'),
    (29, 'Connar Kearns'),
    (30, 'Kayla Cornish'),
    (31, 'Benas Mcphee'),
    (32, 'Gethin Keenan'),
    (33, 'Storm Estes'),
    (34, 'Shayan Barton'),
    (35, 'Antoine Ashley'),
    (36, 'Benedict Mcdowell'),
    (37, 'Jaiden Mccormick'),
    (38, 'Monty Wagstaff'),
    (39, 'Harvey Barron'),
    (40, 'Demi Stein'),
    (41, 'Wren Serrano'),
    (42, 'Waseem Wells'),
    (43, 'Roseanna Black'),
    (44, 'Abdurahman Hunt'),
    (45, 'Essa Barlow'),
    (46, 'Mcauley Hood'),
    (47, 'Ammarah Wilder'),
    (48, 'Kristie Duarte'),
    (49, 'Mandy Farley'),
    (50, 'Darcy Delarosa'),
    (51, 'Susannah Mcgregor'),
    (52, 'Rahima Mathis'),
    (53, 'Roza Hagan'),
    (54, 'Lowri Edge'),
    (55, 'Henrietta Macdonald'),
    (56, 'Irene Amos'),
    (57, 'Mahek Jefferson');